E,V_prime,candidates,legal,not_pure,pure,duplicates,unique,checked
1,1,504,504,0,504,502,2,2
1,2,1788,1788,1788,0,0,0,0
1,3,0,0,0,0,0,0,0
1,4,0,0,0,0,0,0,0
1,5,0,0,0,0,0,0,0
1,6,0,0,0,0,0,0,0
2,1,368,368,0,368,364,4,4
2,2,3820,3820,2970,850,844,6,6
2,3,6415,6415,6415,0,0,0,0
2,4,2003,2003,2003,0,0,0,0
2,5,0,0,0,0,0,0,0
2,6,0,0,0,0,0,0,0
3,1,252,252,0,252,246,6,6
3,2,4485,4485,2880,1605,1591,14,14
3,3,16523,16523,16259,264,258,6,6
3,4,16315,16315,16315,0,0,0,0
3,5,4265,4265,4265,0,0,0,0
3,6,180,180,180,0,0,0,0
4,1,129,129,0,129,121,8,8
4,2,3673,3673,1973,1700,1661,39,39
4,3,22621,22621,21882,739,721,18,18
4,4,41454,41454,41415,39,35,4,4
4,5,23375,23375,23375,0,0,0,0
4,6,3293,3293,3293,0,0,0,0
5,1,46,46,0,46,39,7,7
5,2,2087,2087,949,1138,1080,58,58
5,3,19989,19989,18895,1094,1051,43,43
5,4,59005,59005,58908,97,91,6,6
5,5,55737,55737,55737,0,0,0,0
5,6,14408,14408,14408,0,0,0,0
6,1,10,10,0,10,6,4,4
6,2,792,792,305,487,420,67,67
6,3,11788,11788,10827,961,884,77,77
6,4,53669,53669,53528,141,125,16,16
6,5,78327,78327,78327,0,0,0,0
6,6,31898,31898,31898,0,0,0,0
7,1,1,1,0,1,0,1,1
7,2,181,181,59,122,82,40,40
7,3,4524,4524,4026,498,415,83,83
7,4,32161,32161,32017,144,126,18,18
7,5,71094,71094,71094,0,0,0,0
7,6,43311,43311,43311,0,0,0,0
8,1,0,0,0,0,0,0,0
8,2,19,19,5,14,0,14,14
8,3,1029,1029,885,144,86,58,58
8,4,12398,12398,12301,97,74,23,23
8,5,42543,42543,42543,0,0,0,0
8,6,38556,38556,38556,0,0,0,0
9,1,0,0,0,0,0,0,0
9,2,0,0,0,0,0,0,0
9,3,106,106,88,18,0,18,18
9,4,2806,2806,2770,36,24,12,12
9,5,16334,16334,16334,0,0,0,0
9,6,22774,22774,22774,0,0,0,0
10,1,0,0,0,0,0,0,0
10,2,0,0,0,0,0,0,0
10,3,0,0,0,0,0,0,0
10,4,285,285,279,6,0,6,6
10,5,3668,3668,3668,0,0,0,0
10,6,8653,8653,8653,0,0,0,0
11,1,0,0,0,0,0,0,0
11,2,0,0,0,0,0,0,0
11,3,0,0,0,0,0,0,0
11,4,0,0,0,0,0,0,0
11,5,368,368,368,0,0,0,0
11,6,1924,1924,1924,0,0,0,0
12,1,0,0,0,0,0,0,0
12,2,0,0,0,0,0,0,0
12,3,0,0,0,0,0,0,0
12,4,0,0,0,0,0,0,0
12,5,0,0,0,0,0,0,0
12,6,191,191,191,0,0,0,0
